Question,Answer,Topic,Keywords
What is a normal menstrual cycle length?,"A normal menstrual cycle typically ranges from 21 to 35 days, with the average cycle lasting around 28 days.",Menstrual Cycle,"Normal, 28 days, menstrual cycle length, Average cycle"
What are common causes of irregular periods?,"Common causes of irregular periods include hormonal imbalances, stress, excessive exercise, weight changes, thyroid disorders, and certain medical conditions.",Irregular Periods,"Hormonal Imbalances, Medical Conditions, Irregular Periods, Thyroid disorders"
How can I alleviate menstrual cramps?,"Menstrual cramps can be alleviated through various methods including over-the-counter pain relievers, applying heat to the abdomen, gentle exercise, relaxation techniques, and dietary changes.",Menstrual Pain,"menstrual cramps, Relaxation Techniques, dietary changes, over-the-counter pain relievers"
What are the signs of a heavy menstrual flow?,"Signs of a heavy menstrual flow include soaking through one or more pads or tampons every hour for several consecutive hours, passing large blood clots, and experiencing symptoms like fatigue and shortness of breath.",Menstrual Flow,"Menstrual Flow, shortness of breath, Soaking through, Blood clots"
Is it normal to experience mood swings during menstruation?,"Yes, it is common for some individuals to experience mood swings, irritability, or changes in mood before and during menstruation due to hormonal fluctuations.",Symptoms,"Hormonal fluctuations, menstruation, irritability, Mood Swings"
How do I know if I have a menstrual disorder?,"Signs of a menstrual disorder include irregular periods, extremely heavy or light periods, severe menstrual cramps, prolonged periods, and other abnormal menstrual symptoms that interfere with daily life.",Diagnosis,"Menstrual symptoms, Irregular Periods, Menstrual disorder, Prolonged Periods"
What are some natural remedies for PMS (premenstrual syndrome)?,"Natural remedies for PMS include dietary changes (such as reducing caffeine and increasing intake of fruits and vegetables), regular exercise, stress management techniques (such as yoga and meditation), and herbal supplements.",PMS,"Premenstrual Syndrome, herbal supplements, Stress Management, natural remedies"
Can birth control affect my menstrual cycle?,"Yes, birth control methods such as hormonal contraceptives can regulate and sometimes even eliminate menstrual periods. However, they can also cause changes in menstrual flow and regularity.",Menstrual Cycle,"menstrual cycle, Menstrual Flow, Hormonal contraceptives, Menstrual periods"
What are the potential causes of missed periods other than pregnancy?,"Potential causes of missed periods other than pregnancy include stress, hormonal imbalances, excessive exercise, rapid weight loss or gain, thyroid disorders, polycystic ovary syndrome (PCOS), and certain medications.",Irregular Periods,"Hormonal Imbalances, Thyroid disorders, missed periods, Polycystic Ovary Syndrome (PCOS)"
How can I track my menstrual cycle effectively?,"You can track your menstrual cycle by keeping a calendar, using smartphone apps designed for menstrual tracking, or using a physical tracker to monitor the start and end dates of your periods, as well as any associated symptoms.",Menstrual Cycle,"menstrual cycle, Symptoms, Menstrual tracking, Smartphone apps"
What are some of the challenges young girls face regarding menstrual health?,"Girls face various challenges related to menstrual health, including difficulties accessing information and social support, coping with behavioral restrictions, encountering stigma surrounding menstruation, and managing menstrual bleeding and pain. Additionally, they may experience fear and distress associated with menstruation, which can impact their school attendance and participation.",Menstrual Problems,"Menstrual bleeding, menstrual health, School Attendance, Social support"
What are some important components of a comprehensive menstrual health response?,"Age-appropriate education, addressing shame and taboos, ensuring access to menstrual resources and WASH (Water, Sanitation, and Hygiene) facilities, and providing adequate menstrual pain relief are crucial components of a comprehensive menstrual health response.",Menstruation,"menstrual health, menstrual pain, Age-appropriate, sanitation"
What does a mesntrual cycle consist of in women?,"In women, a single hormone cycle consists of moving through a series of states: follicular, late follicular, midluteal, and late luteal, before returning to the follicular state.",Menstrual Cycle,"cycle, Follicular state, Hormone cycle, women"
How does one compute the length of a cycle for a particular person?,The length of a menstrual cycle for a particular person is computed by counting the days from the first day of one period to the first day of the next period.,Menstrual Cycle,"menstrual cycle, period, length, First day"
How do symptoms vary throughout the cycle?,"Throughout the menstrual cycle, features and symptoms can vary based on the hormonal changes occurring in different phases. Features that increase at the same point in the cycle may indeed have the same physiological cause, reflecting the body's response to changes in hormone levels.",Menstrual Cycle,"hormonal changes, menstrual cycle, Hormone Levels, Symptoms"
What is a healthy menstrual cycle?,"a healthy menstrual cycle is defined as having menstrual cycles lasting 21–35 days, a menstrual cycle variation of 5–7 days yearly, menstrual flow during 2–7 days, and bleeding between 25–80 ml per menstruation.",Menstrual Cycle,"menstrual cycles, menstrual cycle, Menstrual Flow, Cycle variation"
What are menstrual cramps?,"Dysmenorrhea is the medical term for menstrual cramps, caused by uterine contractions. Primary dysmenorrhea refers to recurrent, crampy pain occurring with menses in the absence of a disorder, while secondary dysmenorrhea refers to menstrual pain associated with an underlying pelvic pathology (disorder).",Menstrual Pain,"menstrual cramps, Uterine contractions, Primary dysmenorrhea, Secondary dysmenorrhea"
What are menstrual materials?,"Menstrual materials are the materials used to capture and contain menstrual blood, including sanitary pads, cloths, tampons, or cups, which can be disposable or reusable, purchased or non-purchased products.",Menstruation,"Sanitary Pads, tampons, Menstrual Blood, Reusable"
What are some common menstrual disorders?,"Some common menstrual disorders include dysmenorrhea (menstrual cramps), menorrhagia (heavy menstrual bleeding), amenorrhea (absence of menstruation), and polycystic ovary syndrome (PCOS).",Menstrual Problems,"menstrual disorders, Heavy Menstrual Bleeding, Polycystic Ovary Syndrome (PCOS), Absence of Menstruation"
How are menstrual disorders diagnosed and treated?,"Menstrual disorders are diagnosed through medical history, physical examination, and sometimes diagnostic tests such as ultrasound or blood tests. Treatment options depend on the specific disorder but may include pain relievers, hormonal therapy, lifestyle changes, or surgery.",Diagnosis,"menstrual disorders, Lifestyle Changes, treatment options, physical examination"
What are some challenges associated with Menstrual Hygiene ?,"Challenges associated with Menstrual Hygiene Management include lack of access to affordable menstrual products, inadequate sanitation facilities, cultural taboos and stigmas, and limited knowledge about menstrual hygiene.",Menstruation,"menstrual hygiene, management, sanitation facilities, Menstrual products"
What is endometriosis?,"Endometriosis is a painful disorder in which tissue similar to the lining inside the uterus (endometrium) grows outside the uterus, commonly on the ovaries, fallopian tubes, and the tissue lining the pelvis.",Menstrual Problems,"Fallopian tubes, Endometriosis, Endometrium, ovaries"
What are the symptoms of endometriosis?,"Symptoms of endometriosis may include pelvic pain, painful periods, pain during intercourse, heavy menstrual bleeding, infertility, and gastrointestinal symptoms such as diarrhea or constipation.",Menstrual Problems,"Painful Periods, Endometriosis, constipation, Heavy Menstrual Bleeding"
ow is endometriosis diagnosed and treated?,"Endometriosis is diagnosed through a combination of medical history, pelvic exams, imaging tests (such as ultrasound or MRI), and laparoscopic surgery for definitive diagnosis. Treatment options include pain management with medication, hormonal therapy, and surgical removal of endometrial tissue.",Diagnosis,"treatment options, hormonal therapy, Laparoscopic surgery, pain management"
What is Polycystic Ovary Syndrome (PCOS)?,"PCOS is a hormonal disorder characterized by enlarged ovaries with small cysts on the outer edges. It is associated with irregular menstrual cycles, excess androgen levels, and polycystic ovaries.",PCOS,"Polycystic Ovary Syndrome (PCOS), Irregular menstrual cycles, Excess androgen levels, Polycystic ovaries."
What are the symptoms of PCOS?,"Symptoms of PCOS may include irregular periods, heavy menstrual bleeding, excess facial and body hair (hirsutism), acne, weight gain, and infertility.",PCOS,"Irregular Periods, Infertility, Weight Gain, Heavy Menstrual Bleeding"
How is PCOS diagnosed and managed?,"PCOS is diagnosed based on symptoms, medical history, physical examination, and diagnostic tests such as blood tests (to measure hormone levels) and ultrasound (to examine the ovaries). Management of PCOS involves lifestyle changes (diet, exercise), medication to regulate menstrual cycles and hormone levels, and fertility treatments if needed.",PCOS,"Lifestyle Changes, menstrual cycles, diagnostic tests, physical examination"
What is Premenstrual Syndrome (PMS)?,"PMS is a combination of physical, emotional, and psychological symptoms that occur in the days or weeks before menstruation and typically resolve once menstruation begins.",PMS,"Premenstrual Syndrome, menstruation, emotional, Psychological symptoms"
What are the common symptoms of PMS?,"Common symptoms of PMS include mood swings, irritability, fatigue, bloating, breast tenderness, food cravings, and headaches.",PMS,"Breast tenderness, irritability, Mood Swings, food cravings"
How is PMS managed?,"Management of PMS may involve lifestyle changes (such as regular exercise, healthy diet, stress reduction techniques), over-the-counter pain relievers, hormonal birth control, and medications to alleviate specific symptoms like mood swings or bloating.",PMS,"Lifestyle Changes, hormonal birth control, Stress reduction, over-the-counter pain relievers"
What is menstruation?,"Menstruation, also known as a period, is a natural process in which the lining of the uterus is shed through vaginal bleeding. It is a normal part of the menstrual cycle in reproductive-age females.",Menstruation,"menstrual cycle, menstruation, bleeding, Reproductive-age females"
When does menstruation typically begin?,"Menstruation typically begins during puberty, usually between the ages of 10 and 16, but it can vary widely among individuals.",Menarche,"menstruation, puberty"
How long does a menstrual cycle typically last?,"A menstrual cycle typically lasts around 28 days, although it can range from 21 to 35 days in length. The first day of menstruation marks the beginning of the menstrual cycle.",Menstrual Cycle,"menstrual cycle, menstruation, First day, How Long"
What are some common symptoms of menstruation?,"Common symptoms of menstruation include menstrual cramps (dysmenorrhea), bloating, breast tenderness, mood swings, fatigue, and headaches.",Symptoms,"Breast tenderness, menstrual cramps, menstruation, dysmenorrhea"
How much blood is lost during menstruation?,"On average, a menstruating individual loses about 30 to 40 milliliters (ml) of blood during each menstrual period, although the amount can vary.",Menstrual Flow,"menstrual period, menstruation, Milliliters, Average"
How long does menstruation typically last?,"Menstruation typically lasts between 3 to 7 days, with the average duration being around 5 days.",Menstrual Cycle,"menstruation, Average duration, How Long, days"
What is considered a normal menstrual flow?,A normal menstrual flow is one that is neither too heavy nor too light. It typically involves consistent bleeding that requires changing a pad or tampon every 4 to 6 hours.,Menstrual Flow,"Menstrual Flow, bleeding, Normal, tampon"
Can menstruation affect fertility?,"Yes, menstruation is closely linked to fertility. Ovulation, which is the release of an egg from the ovaries, typically occurs midway through the menstrual cycle and is essential for fertility.",Menstruation,"menstrual cycle, menstruation, Ovulation, Fertility"
Are there ways to manage menstrual discomfort?,"Yes, there are several ways to manage menstrual discomfort, including over-the-counter pain relievers (such as ibuprofen or acetaminophen), applying heat to the abdomen, staying hydrated, getting regular exercise, and practicing relaxation techniques like yoga or meditation.",Menstrual Pain,"Relaxation Techniques, over-the-counter pain relievers, Menstrual discomfort, meditation"
Can menstruation occur during pregnancy?,"No, menstruation does not occur during pregnancy. However, some individuals may experience light bleeding or spotting during early pregnancy, which is different from a regular menstrual period.",Pregnancy,"menstrual period, menstruation, pregnancy, light bleeding"
What happens during the follicular phase of the menstrual cycle?,"During the follicular phase, the pituitary gland releases follicle-stimulating hormone (FSH), which stimulates the ovaries to produce several follicles. These follicles contain eggs, but only one will typically mature and be released during ovulation.",Menstrual Cycle,"follicular phase, menstrual cycle, Follicle-stimulating hormone, Pituitary gland"
How long does the follicular phase usually last?,"The follicular phase typically lasts about 14 days, although it can vary from person to person.",Menstrual Cycle,"follicular phase, 14 days, How Long"
What is ovulation?,"Ovulation is the process by which a mature egg is released from the ovary and travels down the fallopian tube, where it may be fertilized by sperm if intercourse occurs.",Menstrual Cycle,"Ovulation, release, Fallopian tube"
When does ovulation usually occur in the menstrual cycle?,"Ovulation usually occurs around the midpoint of the menstrual cycle, approximately 14 days before the start of the next menstrual period.",Menstrual Cycle,"menstrual period, menstrual cycle, Ovulation, Midpoint"
What happens during the luteal phase of the menstrual cycle?,"During the luteal phase, the ruptured follicle transforms into a structure called the corpus luteum, which secretes progesterone. Progesterone prepares the uterine lining for possible implantation of a fertilized egg.",Menstrual Cycle,"menstrual cycle, Uterine lining, Progesterone, corpus luteum"
How long does the luteal phase typically last?,"The luteal phase typically lasts about 14 days, although its length can vary slightly among individuals.",Menstrual Cycle,"Luteal phase, length, 14 days, How Long"
What triggers menstruation in the menstrual cycle?,"Menstruation is triggered by a drop in progesterone levels if fertilization and implantation of an egg do not occur. This drop in hormone levels causes the uterine lining to shed, resulting in menstrual bleeding.",Menstrual Cycle,"Menstrual bleeding, menstrual cycle, Uterine lining, Progesterone levels"
How long does menstruation typically last?,"Menstruation typically lasts for about 3 to 7 days, although the duration can vary from person to person.",Menstrual Cycle,"menstruation, duration, How Long, days"
Are there any changes in hormone levels during menstruation?,"yes, hormone levels, particularly estrogen and progesterone, fluctuate throughout the menstrual cycle, with specific patterns during each phase. Estrogen levels rise during the follicular phase, peak just before ovulation, and decline during the luteal phase if pregnancy does not occur.",Menstrual Cycle,"follicular phase, menstrual cycle, Hormone Levels, Estrogen levels"
what are the phases of menstrual cycle,"The menstrual cycle consists of four main phases: the follicular phase, ovulation, the luteal phase, and menstruation. During the follicular phase, follicle-stimulating hormone (FSH) stimulates follicles in the ovary to mature. Ovulation occurs when a mature egg is released from the ovary. The luteal phase follows ovulation, during which the ruptured follicle forms the corpus luteum and secretes progesterone. If fertilization does not occur, the uterine lining sheds during menstruation, marking the end of the cycle.",Menstrual Cycle,"follicular phase, menstrual cycle, Uterine lining, Follicle-stimulating hormone"
what is the ideal exercise for each phase of menstrual cycle,"The ideal exercise varies across the phases of the menstrual cycle. During the follicular phase (days 1-14), low to moderate intensity aerobic exercises like walking, cycling, and swimming are beneficial as estrogen levels rise, enhancing energy levels and endurance. In the ovulatory phase (around day 14), high-intensity interval training (HIIT) or strength training can be effective, capitalizing on peak energy and strength levels. In the luteal phase (days 15-28), focusing on yoga, Pilates, and lower-intensity workouts helps manage premenstrual symptoms and stress, while supporting the body's natural hormonal shifts. Listening to the body's cues and adjusting intensity accordingly is key throughout the cycle.",Menstrual Cycle,"follicular phase, menstrual cycle, Premenstrual Symptoms, Estrogen levels"
Is it true that menstruating individuals should avoid physical activity during their period?,"No, it's a misconception. Engaging in physical activity during menstruation can actually help alleviate menstrual cramps and improve mood by releasing endorphins.",Menstrual Problems,"menstrual cramps, menstruation, Physical activity, Endorphins"
Do menstrual periods always occur on a strict 28-day cycle?,"No, menstrual cycles can vary widely among individuals and may be shorter or longer than 28 days. It's normal for menstrual cycles to fluctuate in length from month to month.",Menstrual Cycle,"menstrual cycles, Normal, 28 days, Menstrual periods"
Are menstrual blood and regular blood the same?,"No, menstrual blood is not the same as regular blood. Menstrual blood contains a mixture of blood, tissue from the uterine lining, and other fluids, while regular blood primarily consists of red blood cells and plasma.",Menstrual Flow,"Uterine lining, Menstrual Blood, Regular blood, Plasma"
Can swimming during menstruation lead to water entering the vagina?,"No, it's a misconception. Swimming during menstruation does not increase the risk of water entering the vagina. Menstrual flow is not influenced by water and is contained within the body.",Menstruation,"Menstrual Flow, menstruation, swimming, vagina"
Does having irregular periods mean something is wrong with my reproductive system?,"Not necessarily. Irregular periods can be caused by various factors, including stress, hormonal imbalances, changes in weight, and certain medical conditions. While irregular periods may sometimes indicate an underlying issue, they can also be normal for some individuals.",Irregular Periods,"Hormonal Imbalances, Medical Conditions, Irregular Periods, reproductive system"
can menstruation affect sleep patterns?,"menstruation can affect sleep patterns. Hormonal changes during the menstrual cycle, particularly fluctuations in estrogen and progesterone levels, can impact sleep quality and duration.",Menstrual Health,"hormonal changes, menstrual cycle, Progesterone levels, Sleep patterns"
Can menstruation affect the sense of smell?,"Yes, some individuals may experience heightened sensitivity to smells during certain phases of the menstrual cycle. Hormonal fluctuations can influence sensory perception, including the sense of smell.",Symptoms,"Hormonal fluctuations, menstrual cycle, Sensory perception, Sense of smell"
Can menstruation impact athletic performance?,"Yes, menstruation can impact athletic performance due to fluctuations in hormone levels and changes in energy levels, endurance, and coordination during different phases of the menstrual cycle.",Menstrual Health,"menstrual cycle, Hormone Levels, menstruation, Athletic performance"
Is it true that menstruation can affect digestion and bowel movements?,"Yes, hormonal changes during the menstrual cycle can affect digestion and bowel movements for some individuals. Symptoms such as bloating, constipation, or diarrhea may occur during certain phases of the menstrual cycle.",Symptoms,"hormonal changes, menstrual cycle, menstruation, Bowel movements"
Can menstruation affect body temperature regulation?,"Yes, some individuals may experience changes in body temperature regulation during menstruation. Fluctuations in hormone levels can influence thermoregulation and may lead to feelings of warmth or cold sensitivity.",Symptoms,"Hormone Levels, menstruation, Body temperature, Thermoregulation"
What are common symptoms experienced during menstruation?,"Common symptoms during menstruation include menstrual cramps (dysmenorrhea), bloating, breast tenderness, fatigue, mood swings, headache, and acne.",Symptoms,"Breast tenderness, menstrual cramps, menstruation, dysmenorrhea"
Why do some individuals experience menstrual cramps during their period?,"Menstrual cramps, also known as dysmenorrhea, occur due to the contraction of the uterus as it sheds its lining during menstruation. Increased levels of prostaglandins, hormone-like substances, contribute to uterine muscle contractions and pain.",Menstrual Pain,"menstrual cramps, prostaglandins, menstruation, contractions"
Is it normal to experience changes in mood during menstruation?,"Yes, changes in mood, such as irritability, anxiety, or sadness, are common during menstruation due to hormonal fluctuations and other physiological factors.",Symptoms,"Hormonal fluctuations, menstruation, irritability, changes"
Why do some individuals experience fatigue during menstruation?,"Fatigue during menstruation can result from hormonal changes, blood loss, and disrupted sleep patterns caused by menstrual symptoms such as pain or discomfort.",Symptoms,"Menstrual symptoms, hormonal changes, menstruation, Sleep patterns"
What causes bloating during menstruation?,"Bloating during menstruation can occur due to hormonal fluctuations, water retention, and changes in sodium levels in the body.",Symptoms,"Hormonal fluctuations, menstruation, Water retention, Sodium levels"
Why do some individuals experience headaches or migraines during menstruation?,"Headaches or migraines during menstruation may be triggered by hormonal changes, fluctuating estrogen and progesterone levels, stress, dehydration, or changes in serotonin levels.",Menstrual Pain,"hormonal changes, menstruation, Progesterone levels, Dehydration"
"Is it normal to experience gastrointestinal symptoms during menstruation, such as diarrhea or constipation?","Yes, gastrointestinal symptoms like diarrhea or constipation can occur during menstruation due to hormonal changes, prostaglandin release, and the effects of stress on the digestive system.",Symptoms,"hormonal changes, menstruation, Digestive system, Prostaglandin"
Why do some individuals experience breast tenderness before or during menstruation?,"Breast tenderness before or during menstruation, known as mastalgia, is often due to hormonal fluctuations, specifically changes in estrogen and progesterone levels, which can cause breast tissue to swell and become sensitive.",Symptoms,"Hormonal fluctuations, Breast tenderness, menstruation, Progesterone levels"
What is menopause?,"Menopause is a natural biological process that marks the end of menstruation and fertility in women. It occurs when a woman has not had a menstrual period for 12 consecutive months, typically between the ages of 45 and 55.",Menopause,"menstrual period, menstruation, Menopause, Natural biological process"
What are the common symptoms of menopause?,"Common symptoms of menopause include hot flashes, night sweats, vaginal dryness, mood swings, sleep disturbances, and changes in libido. These symptoms are caused by hormonal fluctuations, particularly declining estrogen levels.",Menopause,"Hormonal fluctuations, Vaginal Dryness, Sleep disturbances, Estrogen levels"
How long does menopause last?,"Menopause is considered complete when a woman has been without a menstrual period for 12 consecutive months. However, the duration and severity of menopausal symptoms can vary widely among individuals.",Menopause,"menstrual period, Menopause, Symptoms, duration"
What are the long-term health implications of menopause?,"Menopause is associated with an increased risk of osteoporosis, heart disease, and certain types of cancer, including breast cancer. It is important for women to maintain a healthy lifestyle, including regular exercise and a balanced diet, to reduce these risks.",Menopause,"healthy lifestyle, Heart Disease, Osteoporosis, Balanced Diet"
What is menarche?,"Menarche is the term used to describe a girl's first menstrual period, marking the onset of menstruation and reproductive maturity. It typically occurs between the ages of 10 and 16, although the timing can vary widely among individuals.",Menarche,"menstrual period, menstruation, Menarche, Reproductive maturity"
What factors influence the timing of menarche?,"The timing of menarche is influenced by various factors, including genetics, nutrition, body weight, overall health, and environmental factors. Girls with a higher body fat percentage and those from certain ethnic backgrounds may experience menarche earlier.",Menarche,"body weight, environment, Nutrition, Percentage"
What are common concerns or questions about menarche?,"Common concerns or questions about menarche include understanding menstrual hygiene practices, managing menstrual symptoms, and coping with emotional changes associated with puberty and menstruation.",Menarche,"Menstrual symptoms, menstrual hygiene, Emotional changes, Understanding"
How can parents or caregivers support girls experiencing menarche?,"Parents or caregivers can support girls experiencing menarche by providing education about menstruation, offering emotional support and reassurance, teaching proper menstrual hygiene practices, and being available to answer questions or address concerns.",Menarche,"menstrual hygiene, menstruation, emotional support, Caregivers"
How does regular physical activity benefit girls during menarche?,"Regular physical activity during menarche helps maintain a healthy weight, strengthens bones, reduces stress, improves mood, and promotes overall well-being. Engaging in activities such as sports, dancing, yoga, or walking can be beneficial.",Menarche,"well-being, Menarche, Physical activity, healthy weight"
Why is it important to establish good menstrual hygiene practices during menarche?,"Establishing good menstrual hygiene practices during menarche helps girls feel confident and comfortable managing their periods. Using appropriate menstrual products, changing them regularly, and practicing proper hygiene can help prevent infections and maintain cleanliness.",Menstruation,"menstrual hygiene, cleanliness, Menstrual products, comfortable"
How does managing stress contribute to overall well-being during menarche?,"Managing stress during menarche is important for mental and emotional health. Techniques such as deep breathing, mindfulness, journaling, spending time outdoors, and seeking support from friends and family can help reduce stress levels.",Menarche,"well-being, emotional health, Deep breathing, mindfulness"
Why is it important to get enough sleep during menarche?,"Getting enough sleep during menarche is essential for physical and emotional health. Adequate sleep supports growth, hormone regulation, cognitive function, mood stability, and overall well-being. Establishing a consistent sleep schedule and creating a relaxing bedtime routine can promote better sleep quality.",Menarche,"well-being, emotional health, Hormone regulation, Sleep quality"
How does staying hydrated contribute to health during menarche?,"Staying hydrated during menarche is important for maintaining proper bodily functions, supporting digestion, regulating body temperature, and promoting clear skin. Drinking an adequate amount of water throughout the day is essential for overall health and well-being.",Menarche,"well-being, Menarche, Body temperature, Digestion"
What are some preventive measures women can take to maintain their health?,"Women can maintain their health by adopting healthy lifestyle habits such as eating a balanced diet, engaging in regular physical activity, getting routine check-ups and screenings, managing stress levels, practicing safe sex, avoiding tobacco and excessive alcohol use, and protecting their skin from the sun.",Menstrual Health,"healthy lifestyle, Balanced Diet, Preventive Measures, Physical activity"
What are some lifestyle factors that can impact women's health?,"Lifestyle factors that can impact women's health include diet, exercise, smoking, alcohol consumption, stress levels, sleep quality, and exposure to environmental toxins. Making healthy lifestyle choices can help reduce the risk of chronic diseases and improve overall well-being.",Menstrual Health,"healthy lifestyle, Lifestyle Factors, women's health, Sleep quality"
How does menopause affect women's health?,"Menopause, the natural cessation of menstruation, can cause symptoms such as hot flashes, night sweats, vaginal dryness, mood swings, and changes in libido due to hormonal fluctuations. Additionally, menopause increases the risk of osteoporosis, heart disease, and certain cancers, making preventive healthcare essential during this life stage.",Menopause,"Hormonal fluctuations, Heart Disease, Vaginal Dryness, women's health"
How can women advocate for their own health and well-being?,"Women can advocate for their health by being proactive about preventive care, educating themselves about their bodies and health conditions, seeking medical care when needed, asking questions during healthcare appointments, and advocating for equal access to healthcare services and resources.",Medical Help,"Healthcare, well-being, health conditions, medical care"
What role does education play in building confidence about menstruation?,"Education plays a crucial role in building confidence about menstruation by providing accurate information about the menstrual cycle, menstrual hygiene practices, and common menstrual symptoms. Understanding the biological processes behind menstruation can help women feel empowered and knowledgeable about their bodies.",Menstruation,"Menstrual symptoms, menstrual hygiene, menstrual cycle, Understanding"
How can open communication with peers and family members help women feel more confident about menstruation?,"Open communication with peers and family members allows women to share experiences, ask questions, and seek support related to menstruation. Talking openly about periods helps normalize the topic and reduces feelings of isolation or embarrassment.",Menstruation,"menstruation, embarrassment, Open Communication, talking openly"
Why is it important for women to embrace their menstrual cycle as a natural and normal part of life?,"Embracing the menstrual cycle as a natural and normal part of life helps women develop a positive attitude towards menstruation, fosters self-acceptance, and promotes body positivity. Recognizing the menstrual cycle as a vital aspect of reproductive health empowers women to prioritize their menstrual health and well-being.",Menstrual Health,"menstrual health, menstrual cycle, menstruation, Reproductive health"
Which hormone peaks during ovulation?,Estrogen.,Menstrual Cycle,"Ovulation, Estrogen, Hormone"
What is the average length of the menstrual cycle?,Around 28 days.,Menstrual Cycle,"menstrual cycle, Average length, 28 days"
What triggers the shedding of the uterine lining during menstruation?,Drop in progesterone levels.,Menstrual Cycle,"Uterine lining, menstruation, shedding, Progesterone levels"
What is the role of FSH (Follicle Stimulating Hormone) in the menstrual cycle?,Stimulates follicle development in the ovaries.,Menstrual Cycle,"menstrual cycle, ovaries, Follicle Stimulating Hormone, development"
What is the primary hormone produced by the corpus luteum?,Progesterone.,Menstrual Cycle,"Progesterone, corpus luteum, Hormone"
What is the function of the endometrium in the menstrual cycle?,Provides a nourishing environment for embryo implantation.,Anatomy,"menstrual cycle, Endometrium, Implantation, Nourishing environment"
How does the body regulate the menstrual cycle?,Through feedback loops involving hormones.,Menstrual Cycle,"menstrual cycle, hormones, Body, Feedback loops"
Which phase of the menstrual cycle is characterized by a surge in LH (Luteinizing Hormone)?,Ovulation phase.,Menstrual Cycle,"menstrual cycle, Ovulation, Luteinizing Hormone"
What causes the rise in basal body temperature during the luteal phase?,Increased progesterone levels.,Menstrual Cycle,"Luteal phase, Causes, Basal body temperature, Progesterone levels"
What is the role of GnRH (Gonadotropin-Releasing Hormone) in the menstrual cycle?,Stimulates the release of FSH and LH from the pituitary gland.,Menstrual Cycle,"menstrual cycle, release, Hormone, Pituitary gland"
What is the key benefit of period underwear?,Absorbs menstrual flow without the need for additional products.,Menstrual Flow,"Menstrual Flow, period"
How should menstrual hygiene products be stored?,"In a clean, dry place away from moisture and direct sunlight",Menstrual Problems,"menstrual hygiene, Sunlight"
What is the medical term for abnormally heavy menstrual bleeding?,Menorrhagia.,Menstrual Flow,"menorrhagia, Normal, Heavy Menstrual Bleeding, medical term"
What are some common symptoms of dysmenorrhea?,"Cramping, lower back pain, nausea.",Symptoms,"dysmenorrhea, Symptoms, cramping, Lower Back Pain"
What is the primary cause of primary dysmenorrhea?,Excessive prostaglandin production.,Menstrual Pain,"Primary dysmenorrhea, Prostaglandin"
What is the difference between primary and secondary amenorrhea?,"Primary occurs when menstruation hasn't started by age 16, while secondary occurs when menstruation stops for 3 or more months in someone who has previously had regular periods.",Irregular Periods,"menstruation, Secondary Amenorrhea, Regular periods"
What are some potential causes of secondary amenorrhea?,"Pregnancy, hormonal imbalances, thyroid disorders.",Irregular Periods,"Hormonal Imbalances, Thyroid disorders, pregnancy, Secondary Amenorrhea"
What is the main difference between oligomenorrhea and amenorrhea?,"Oligomenorrhea refers to infrequent menstruation, while amenorrhea refers to the absence of menstruation.",Irregular Periods,"oligomenorrhea, menstruation, amenorrhea, Absence of Menstruation"
What is the primary symptom of premenstrual dysphoric disorder (PMDD)?,Severe mood swings and emotional symptoms.,Symptoms,"emotional symptoms, Mood Swings, Premenstrual dysphoric disorder (PMDD), severe"
What is the role of endometriosis in causing menstrual pain?,"Endometrial tissue grows outside the uterus, causing inflammation and pain.",Menstrual Pain,"menstrual pain, Endometriosis, uterus, Inflammation"
What is the typical age of onset for menopause?,Around age 51.,Menopause,"Menopause, Age of onset"
What neurotransmitter is often associated with mood changes during the menstrual cycle?,Serotonin.,Menstrual Cycle,"menstrual cycle, mood changes, Serotonin, Neurotransmitter"
What term describes severe emotional and physical symptoms before menstruation?,Premenstrual dysphoric disorder (PMDD).,PMS,"physical symptoms, menstruation, emotional, Premenstrual dysphoric disorder (PMDD)"
Can hormonal contraceptives help alleviate symptoms of premenstrual syndrome (PMS)?,"Yes, sometimes",Medical Help,"Premenstrual Syndrome, Symptoms, Hormonal contraceptives, Help"
What percentage of menstruating individuals experience mood swings during their menstrual cycle?,Approximately 85%.,Symptoms,"menstrual cycle, Mood Swings, Percentage"
What role does cortisol play in the menstrual cycle's impact on stress levels?,"Cortisol levels may fluctuate during the menstrual cycle, affecting stress responses.",Menstrual Cycle,"menstrual cycle, stress, Stress responses, Cortisol"
Are there specific nutrients that may help alleviate menstrual-related mood changes?,"Yes, such as omega-3 fatty acids and magnesium.",Menstrual Health,"mood changes, Help, Magnesium, Nutrients"
How does exercise influence mental health during menstruation?,Exercise can help alleviate symptoms of depression and anxiety.,Menstrual Health,"menstruation, Depression, exercise, Mental health"
What is the term for the emotional symptoms experienced during the luteal phase?,Premenstrual syndrome (PMS).,PMS,"Premenstrual Syndrome, emotional symptoms, Luteal phase"
Can mindfulness techniques be effective in managing menstrual-related stress?,"Yes, mindfulness practices can help reduce stress and improve mental well-being.",Menarche,"well-being, stress, mindfulness, improve"
What is the primary neurotransmitter associated with mood regulation during the menstrual cycle?,Serotonin.,Menstrual Cycle,"menstrual cycle, Serotonin, Neurotransmitter, Mood regulation"
What is the term for providing menstrual education to boys and girls together?,Co-education.,Medical Help,"menstrual education, boys"
At what age should menstrual education ideally begin?,"Before puberty, typically around 8-10 years old.",Menarche,"puberty, menstrual education"
"In addition to biological aspects, what other topics should be covered in menstrual education?","Social and emotional aspects, hygiene practices, and access to menstrual products.",Menstrual Health,"hygiene, emotional, access to menstrual products, menstrual education"
"What role do educational materials, such as books and videos, play in menstrual education?",They can supplement classroom learning and provide accessible information.,Menstrual Problems,"access, menstrual education, Information, Education"
What is the importance of involving parents and caregivers in menstrual education?,They play a crucial role in supporting and guiding children through puberty and menstruation.,Anatomy,"menstruation, Importance, menstrual education, Caregivers"
What role does education play in achieving menstrual equity?,It can empower individuals to advocate for their rights and promote systemic change.,Menstruation,"rights, Education, change"
In which culture is menstruation often celebrated as a symbol of fertility and womanhood?,"Some Indigenous cultures, such as certain Native American tribes.",Menstrual Problems,"menstruation, Fertility, Womanhood"
How does Hinduism traditionally view menstruation?,As a natural biological process but associated with ritual impurity.,Menstruation,"menstruation, Natural biological process"
In what African culture is menstruation considered a rite of passage into womanhood?,The Zulu culture in South Africa.,Menstrual Problems,"menstruation, Womanhood"
How does Judaism traditionally handle menstruation within religious practices?,"Menstruating individuals may follow specific rituals, such as abstaining from sexual activity during menstruation.",Symptoms,menstruation
How can cultural competence and sensitivity improve menstrual health interventions?,By recognizing and respecting diverse beliefs and practices surrounding menstruation.,Menstrual Health,"menstruation, improve menstrual health, sensitivity"
"What is the significance of menstrual huts in certain cultures, and how are they viewed in modern times?",They were historically used for isolation during menstruation but are now often criticized as contributing to stigma and health risks.,Menstrual Health,"menstruation, Health Risks, Stigma, Isolation"
How does menstruation impact cultural practices in matrilineal societies?,It may hold symbolic significance as a marker of lineage and identity.,Menstrual Health,"menstruation, cultural practices, Impact"
"What is the significance of the ""red tent"" tradition in some cultures?",It symbolizes a space for women to gather during menstruation for support and rituals.,Menstrual Health,"menstruation, support, women"
How does menstruation influence marriage customs in some cultures?,It may be associated with fertility and considered an important factor in matchmaking.,Menstrual Problems,"menstruation, Fertility"
How does the criminalization of abortion impact menstrual health and reproductive rights?,It can limit access to reproductive healthcare services and contribute to unsafe menstrual practices.,Menstrual Health,"menstrual health, access, Reproductive health, Impact"
What role does comprehensive sex education play in promoting menstrual health as a reproductive right?,It empowers individuals to make informed choices about their bodies and reproductive health.,Menstrual Health,"menstrual health, Reproductive health, Education"
How do cultural beliefs and attitudes towards menstruation intersect with reproductive rights?,"They may influence policies and practices surrounding menstrual health, including access to contraception and abortion.",Menstruation,"menstrual health, contraception, menstruation, cultural beliefs"
What are some common challenges menstruating individuals face in the workplace?,"Lack of access to menstrual products, stigma, and inadequate workplace policies.",Menstrual Problems,"challenges, Stigma, access to menstrual products, common"
Can menstruation affect productivity in the workplace?,"Yes, menstrual symptoms can impact concentration and performance.",Menstrual Health,"Menstrual symptoms, menstruation, Impact"
What are some strategies employers can implement to support menstruating employees?,"Providing menstrual products, flexible work schedules, and accommodations for menstrual symptoms.",Menstrual Health,"Menstrual symptoms, support, Menstrual products"
What role does workplace culture play in addressing menstrual health?,A supportive and inclusive culture can foster understanding and accommodation for menstrual needs.,Medical Help,"menstrual health, support, Understanding"
What are some challenges individuals with disabilities may face in managing menstruation?,"Limited mobility, sensory impairments, and inaccessible facilities.",Menstrual Health,"menstruation, Disabilities, Inaccessible facilities, Sensory impairments"
How do menstrual symptoms impact individuals with chronic illnesses or disabilities?,They may exacerbate existing symptoms and affect overall well-being.,Menstrual Health,"Menstrual symptoms, Chronic illnesses, well-being, Disabilities"
Can certain disabilities affect menstruation itself?,"Yes, hormonal imbalances or medical conditions may impact menstrual patterns.",Menstrual Health,"Hormonal Imbalances, Medical Conditions, menstruation, Menstrual patterns"
What are some adaptive strategies for managing menstruation with disabilities?,"Using assistive devices, modifying hygiene routines, and seeking support from caregivers.",Menstrual Health,"menstruation, Disabilities, Assistive devices, Hygiene routines"
What role do healthcare providers play in addressing menstrual health needs for individuals with disabilities?,"They can provide tailored advice, support, and accommodations for managing menstruation.",Medical Help,"menstrual health, menstruation, Disabilities, Healthcare providers"
Can menstrual health education be adapted for individuals with disabilities?,"Yes, through accessible formats such as braille, sign language, or audio resources.",Menstrual Health,"menstrual health, access, Disabilities, Education"
What role do healthcare providers play in addressing menstrual health for LGBTQ+ individuals?,"They can provide affirming and inclusive care, tailored to individual needs and identities.",Medical Help,"menstrual health, Healthcare providers"
How does menstruation change as individuals age?,Menstrual patterns may become irregular or cease altogether during menopause.,Menstruation,"menstruation, Menopause, irregular, Menstrual patterns"
What are some common menstrual symptoms experienced by individuals approaching menopause?,"Hot flashes, mood changes, and irregular periods.",Menopause,"Menstrual symptoms, Irregular Periods, mood changes, Hot Flashes"
How does menopause impact bone health?,Decreased estrogen levels during menopause can lead to bone density loss and increased risk of osteoporosis.,Menopause,"Bone Health, Estrogen levels, Osteoporosis., Bone density"
Can hormone replacement therapy affect menstrual health during menopause?,"Yes, it can help alleviate symptoms such as hot flashes and regulate menstrual cycles.",Menopause,"menstrual health, menstrual cycles, Hot Flashes, Hormone replacement therapy"
How does aging affect fertility and menstrual health in individuals who have not reached menopause?,"Fertility declines with age, and menstrual cycles may become irregular.",Menopause,"menstrual health, menstrual cycles, Menopause, Fertility"
What role do lifestyle factors play in maintaining menstrual health as individuals age?,"Regular exercise, healthy diet, and stress management can support overall well-being and menstrual health.",Menstrual Health,"Stress Management, menstrual health, Lifestyle Factors, Healthy diet"
What are some strategies for managing menstrual symptoms during perimenopause?,"Hormone therapy, lifestyle changes, and symptom-specific treatments",Menopause,"Menstrual symptoms, Lifestyle Changes, Hormone Therapy, Symptom-specific treatments"
How can healthcare providers support individuals navigating menstrual changes during menopause?,"By providing information, support, and personalized treatment options based on individual needs.",Menopause,"treatment options, menstrual changes, Healthcare providers, Information"
Can menstrual health discussions include older individuals to address their specific needs and experiences?,"Yes, promoting inclusivity and understanding of diverse menstrual experiences across the lifespan.",Menstrual Health,"menstrual health, Understanding, discussion"
Can specific dietary patterns affect menstrual cycles?,"Yes, factors such as balanced macronutrient intake, hydration, and avoiding excessive caffeine and alcohol can influence menstrual regularity",Menstrual Health,"menstrual cycles, Hydration, Menstrual Regularity, caffeine"
How does iron deficiency impact menstrual health?,"It can lead to anemia, irregular periods, and heavy menstrual bleeding.",Menstrual Health,"Irregular Periods, menstrual health, Heavy Menstrual Bleeding, iron deficiency"
Can dietary supplements help alleviate menstrual symptoms?,"Some supplements, such as magnesium and vitamin B6, may help reduce symptoms like bloating and cramping.",Menstrual Health,"Menstrual symptoms, supplements, vitamin B6, Magnesium"
What role does hydration play in menstrual health?,Staying hydrated can help alleviate bloating and support overall well-being during menstruation.,Menstrual Health,"menstrual health, menstruation, well-being, Hydration"
Can weight and body composition affect menstrual health?,"Yes, extremes in weight, such as obesity or underweight, can disrupt hormonal balance and menstrual regularity.",Menstrual Problems,"menstrual health, obesity, Menstrual Regularity, Hormonal balance"
How does the menstrual cycle affect nutrient needs?,"Nutrient needs may fluctuate throughout the menstrual cycle, particularly for iron and certain vitamins and minerals.",Menstrual Cycle,"menstrual cycle, vitamins, minerals"
What are some dietary strategies for managing common menstrual symptoms?,"Eating small, frequent meals, reducing salt intake, and incorporating anti-inflammatory foods can help manage symptoms like bloating and mood swings.",Symptoms,"Menstrual symptoms, Mood Swings, bloating, common"
How do chronic illnesses such as endometriosis and polycystic ovary syndrome (PCOS) impact menstrual health?,"They can cause irregular periods, pelvic pain, and other menstrual symptoms.",PCOS,"Menstrual symptoms, Irregular Periods, Chronic illnesses, Polycystic Ovary Syndrome (PCOS)"
Can chronic illnesses affect fertility and reproductive health?,"Yes, they may impact ovulation, hormonal balance, and fertility potential.",Menstrual Problems,"Chronic illnesses, Ovulation, Reproductive health, Hormonal balance"
What role do hormonal imbalances play in chronic illnesses affecting menstrual health?,Hormonal dysregulation is a common feature of conditions like PCOS and can contribute to menstrual irregularities.,Menstrual Health,"Hormonal Imbalances, Chronic illnesses, menstrual health, Menstrual Irregularities"
How do chronic pain conditions intersect with menstrual health?,Conditions such as fibromyalgia and chronic pelvic pain syndrome can exacerbate menstrual symptoms and affect overall well-being.,Menstrual Health,"Menstrual symptoms, menstrual health, Chronic pain, Fibromyalgia"
Can chronic illnesses affect the effectiveness of hormonal contraceptives for managing menstrual symptoms?,"Yes, certain medications or hormonal imbalances may impact the efficacy or tolerability of hormonal contraceptives.",Medical Help,"Hormonal Imbalances, Menstrual symptoms, Chronic illnesses, Hormonal contraceptives"
How does living with a chronic illness impact mental health during menstruation?,"It can exacerbate stress, anxiety, and depression, affecting coping mechanisms and overall quality of life.",Menstrual Health,"menstruation, Mental health, Quality of Life, Chronic illness"
What are some strategies for managing menstrual symptoms in individuals with chronic illnesses?,"Multidisciplinary care, symptom-specific treatments, and lifestyle modifications tailored to individual needs.",Medical Help,"Menstrual symptoms, Symptom-specific treatments, Lifestyle modifications, Multidisciplinary care"
How can healthcare providers address the unique menstrual health needs of individuals with chronic illnesses?,"By providing comprehensive care, addressing coexisting conditions, and supporting holistic well-being.",Medical Help,"Coexisting conditions, Healthcare providers, Holistic well-being, Comprehensive care"
Why is men's involvement important in discussions about menstrual health?,"Men's involvement helps challenge stigma, promote understanding, and support gender equality.",Menstrual Health,"menstrual health, equality, Understanding, discussion"
Can men benefit from understanding menstruation and its impact on women's lives?,"Yes, understanding menstruation promotes empathy, fosters healthier relationships, and supports gender equity.",Menstruation,"support, Understanding menstruation, Empathy, Impact"
What role do male healthcare providers play in addressing menstrual health?,"They can provide informed and empathetic care, support menstrual health education, and advocate for gender-sensitive healthcare.",Medical Help,"menstrual health, Gender-sensitive healthcare, Healthcare providers, health education"
How can fathers support their daughters' menstrual health?,"By being supportive and understanding, providing access to menstrual products, and fostering open communication.",Menstruation,"menstrual health, access to menstrual products, Open Communication, Understanding"
What are some challenges men may face in discussing menstruation?,"Taboos, discomfort, and lack of education may hinder men's willingness to engage in menstrual health discussions.",Menstrual Problems,"menstrual health, menstruation, Discomfort, challenges"
How do cultural norms surrounding menstruation impact access to education for girls?,"Stigma and taboos may prevent girls from attending school during menstruation, contributing to educational disparities.",Menstrual Problems,"menstruation, school, Education, Impact"
How does menstruation affect sports performance?,"Menstrual symptoms such as cramping and fatigue can impact performance, but individual experiences vary.",Menstrual Health,"Menstrual symptoms, menstruation, cramping, Sports performance"
Can menstrual cycles affect injury risk in female athletes?,Fluctuations in hormone levels may influence ligament laxity and injury susceptibility during certain phases of the menstrual cycle.,Menstrual Health,"menstrual cycles, Hormone Levels, Ligament laxity, Injury risk"
What are some strategies for managing menstrual symptoms during athletic training and competition?,"Adequate hydration, nutrition, and tailored exercise routines can help mitigate symptoms and optimize performance.",Symptoms,"Menstrual symptoms, Hydration, Nutrition, Athletic training"
Can menstrual tracking apps help female athletes optimize training around their menstrual cycles?,"Yes, by providing insights into hormonal fluctuations and menstrual symptoms, athletes can adjust training and recovery strategies accordingly.",Menstrual Cycle,"Hormonal fluctuations, Menstrual symptoms, Menstrual tracking, Recovery strategies"
What role do coaches and sports organizations play in supporting female athletes' menstrual health?,"They can provide education, create supportive environments, and offer flexible training schedules to accommodate menstrual needs.",Medical Help,"menstrual health, support, supportive environment, Education"
How can menstrual health education empower female athletes to optimize their performance?,"By understanding their bodies and menstrual cycles, athletes can make informed decisions about training, nutrition, and recovery strategies.",Menstrual Cycle,"menstrual health, menstrual cycles, Recovery strategies, Understanding"
Can menstrual disorders such as amenorrhea or dysmenorrhea impact sports performance?,"Yes, these disorders can affect hormonal balance, bone health, and overall physical well-being, potentially impacting athletic performance.",Menstrual Health,"menstrual disorders, Athletic performance, Sports performance, Hormonal balance"
How does menstruation intersect with body image issues?,Menstrual symptoms such as bloating and weight fluctuations may influence body image perceptions.,Menopause,"Menstrual symptoms, menstruation, Weight fluctuation, Body Image"
Can societal beauty standards impact how menstruating individuals perceive their bodies during menstruation?,"Yes, unrealistic beauty standards may exacerbate feelings of inadequacy or self-consciousness during menstruation.",Menstrual Health,"menstruation, Feelings, Impact"
What role does media representation play in shaping body image perceptions related to menstruation?,"Media portrayals of menstruation often focus on negative stereotypes and unrealistic ideals, contributing to body image insecurities.",Menopause,"menstruation, types, Body Image"
How can menstrual health education promote positive body image?,"By fostering understanding of normal menstrual variations and emphasizing the body's natural processes, education can promote body positivity.",Menstruation,"menstrual health, variation, Understanding, Body Image"
Can menstruation impact individuals' engagement in physical activities and exercise due to body image concerns?,"Yes, feelings of discomfort or self-consciousness during menstruation may affect participation in physical activities.",Menstrual Problems,"menstruation, exercise, Discomfort, Body Image"
What role does peer support play in promoting positive body image during menstruation?,Supportive relationships and open discussions among peers can help normalize menstrual experiences and reduce feelings of shame or insecurity.,Menstruation,"menstruation, Feelings, open discussion, Body Image"
How can healthcare providers address body image concerns related to menstruation?,"By providing empathetic and nonjudgmental care, promoting body positivity, and offering resources for support and counseling.",Medical Help,"menstruation, Healthcare providers, Body Image, counseling"
What are some strategies for promoting positive body image during menstruation?,"Encouraging self-care practices, practicing mindfulness, and challenging negative thoughts and societal norms can promote positive body image.",Menstrual Problems,"menstruation, self-care, mindfulness, Body Image"
What are some barriers to accessing healthcare for menstrual health concerns?,"Barriers may include cost, lack of insurance coverage, stigma, and limited availability of specialized care.",Menstrual Problems,"menstrual health, Healthcare, Concerns, barriers"
How does geographical location affect access to menstrual healthcare services?,"Rural areas may have fewer healthcare providers and limited access to specialized menstrual health services, leading to disparities in care.",Medical Help,"access, Healthcare providers, Menstrual healthcare, location"
What role does healthcare provider training play in addressing menstrual health needs?,"Training in menstrual health and disorders enables healthcare providers to offer accurate diagnosis, treatment, and support.",Medical Help,"menstrual health, Diagnosis, Healthcare provider, Healthcare providers"
How can telemedicine and digital health platforms improve access to menstrual healthcare services?,"Telemedicine allows remote consultation and access to specialists, overcoming geographical barriers and increasing convenience.",Medical Help,"Geographical barriers, Menstrual healthcare, Digital health, consultation"
What are some strategies for addressing financial barriers to menstrual healthcare services?,"Sliding-scale fees, subsidized services, and government-funded programs can help make healthcare services more affordable.",Medical Help,"Help, Menstrual healthcare, barriers"
How does comprehensive sexual health education include information about menstruation?,"It covers menstrual anatomy, menstrual cycle, hygiene practices, and menstrual health management.",Medical Help,"menstrual health, menstrual cycle, menstruation, health education"
How can sexual health education address menstrual equity and social justice?,"By promoting gender equity, challenging stereotypes, and advocating for access to menstrual products and healthcare.",Medical Help,"Healthcare, access to menstrual products, health education, gender"
What role does parental involvement play in menstrual and sexual health education?,"Parents can provide support, guidance, and accurate information about menstruation as part of comprehensive sexual health education.",Medical Help,"menstruation, support, health education, Information"
How does inclusive sexual health education promote understanding and support for diverse menstruating individuals?,"It acknowledges diverse experiences and identities, fosters empathy, and promotes inclusivity in discussions about menstruation.",Menstruation,"menstruation, health education, Understanding, discussion"
What are some challenges in integrating menstrual health into sexual health education?,"Taboos, cultural sensitivities, and lack of teacher training may hinder effective integration of menstrual health topics.",Menstrual Health,"menstrual health, challenges, taboo, health education"
How can technology and digital resources enhance menstrual and sexual health education?,"Apps, online platforms, and interactive tools can provide accessible, accurate information and support for menstrual and sexual health education.",Medical Help,"support, Technology, health education, Information"
How does a father's attitude towards menstruation influence their daughters' perceptions of menstrual health?,A supportive and understanding attitude from fathers can help normalize menstruation and promote positive body image and self-esteem in their daughters.,Menstruation,"menstrual health, menstruation, Understanding, Body Image"
Can fathers play a role in educating their daughters about menstrual health?,"Yes, fathers can contribute to their daughters' education by providing accurate information about menstruation, hygiene practices, and menstrual health management.",Menstruation,"menstrual health, menstruation, management, Information"
What are some practical ways fathers can support their daughters during menstruation?,"Fathers can ensure access to menstrual products, provide pain relief options, offer emotional support, and create a comfortable environment for their daughters.",Menstruation,"menstruation, pain relief, emotional support, access to menstrual products"
How can fathers contribute to creating a supportive environment for menstruating daughters at home?,"Fathers can participate in household chores related to menstruation, create a safe space for open discussions, and respect their daughters' privacy and needs during menstruation.",Menstruation,"menstruation, privacy, supportive environment, open discussion"
What role do fathers play in advocating for menstrual equity and access to resources?,"Fathers can advocate for policies promoting menstrual equity, support initiatives addressing period poverty, and raise awareness about the importance of menstrual health.",Menstrual Health,"menstrual health, awareness, Importance, period poverty"
How can fathers support their daughters' mental and emotional well-being during menstruation?,"Fathers can offer emotional support, validate their daughters' feelings, and promote self-care practices to help manage emotional challenges associated with menstruation.",Menstruation,"menstruation, emotional support, Emotional well-being, Emotional challenges"
How does cultural competence impact the quality of menstrual healthcare?,"Cultural competence ensures healthcare providers understand and respect diverse cultural beliefs, practices, and preferences related to menstruation.",Menstrual Health,"menstruation, Healthcare providers, Menstrual healthcare, cultural beliefs"
Can cultural stereotypes and biases affect the provision of menstrual healthcare?,"Yes, stereotypes and biases can lead to assumptions about individuals' menstrual practices and preferences, affecting the quality of care provided.",Menstrual Health,"types, Menstrual healthcare"
What are some challenges healthcare providers may face in delivering culturally competent menstrual healthcare?,"Challenges may include language barriers, limited cultural training, and navigating sensitive discussions about menstruation within diverse cultural contexts.",Menstrual Health,"menstruation, challenges, Healthcare providers, Menstrual healthcare"
How does cultural competence in menstrual healthcare contribute to patient trust and satisfaction?,"Cultural competence fosters trust by demonstrating respect for patients' cultural beliefs and values, leading to improved patient satisfaction with healthcare services.",Menstruation,"Menstrual healthcare, cultural beliefs, improve"
Can cultural competence in menstrual healthcare contribute to improved health outcomes?,"Yes, understanding and addressing cultural factors can lead to more effective treatment plans and better health outcomes for patients.",Medical Help,"Treatment, Menstrual healthcare, Understanding, improve"
How can healthcare organizations promote a culture of cultural competence in menstrual healthcare?,"By implementing policies that prioritize cultural competence, providing ongoing training and resources, and fostering a supportive and inclusive work environment.",Menstruation,"Healthcare, support, environment, Menstrual healthcare"
What are some strategies for overcoming cultural barriers in menstrual healthcare?,"Strategies may include using interpreters, collaborating with community leaders, and incorporating culturally appropriate educational materials.",Medical Help,"Menstrual healthcare, Cultural barriers, community, Education"
How did advancements in medical knowledge during the Renaissance era impact understandings of menstruation?,"Renaissance-era anatomists and physicians contributed to more accurate anatomical descriptions of the female reproductive system, shaping early medical knowledge about menstruation.",Pregnancy,"menstruation, reproductive system, Understanding, Impact"
How have menstrual hygiene practices evolved over time?,Practices have evolved from rudimentary methods such as using cloth or natural materials to modern innovations like disposable pads and menstrual cups.,Menstruation,"menstrual hygiene, Pads"
How did advancements in textile production impact menstrual hygiene practices?,The availability of finer fabrics and textiles allowed for the production of more comfortable and effective menstrual products.,Menstruation,"menstrual hygiene, Menstrual products, comfortable, Impact"
How did the Industrial Revolution impact menstrual hygiene practices?,"The Industrial Revolution led to the mass production of disposable menstrual products, making them more accessible to the general population.",Menstruation,"menstrual hygiene, access, Menstrual products, Impact"
What were some early advertising strategies used to promote menstrual hygiene products?,"Advertising campaigns often emphasized discretion, comfort, and convenience, while downplaying the natural aspects of menstruation.",Menstruation,"menstrual hygiene, menstruation, Comfort"
How did pre-modern European societies perceive menstruation?,"Pre-modern European societies often viewed menstruation through a lens of superstition and religious beliefs, associating it with concepts of impurity and sin.",Menstruation,menstruation
What were some common medieval remedies for menstrual disorders?,"Medieval remedies included herbal concoctions, bloodletting, and prayers to saints, reflecting a blend of folklore, superstition, and early medical practices.",Medical Help,"menstrual disorders, Herbal concoctions, Bloodletting, Prayers"
What role did medieval medical texts play in shaping understandings of menstruation?,"Medieval medical texts often reflected the prevailing beliefs of the time, attributing menstrual disorders to imbalances of bodily humors and prescribing treatments based on Galenic theories.",Medical Help,"menstrual disorders, menstruation, Understanding, treatments"
How did menstrual practices in pre-modern Europe vary across different social classes?,"Wealthier women had access to more comfortable menstrual products and amenities, while poorer women often relied on rudimentary methods and endured greater discomfort.",Menstruation,"access, Discomfort, Menstrual products, comfortable"
How did societal norms surrounding menstruation impact women's roles and status in pre-modern European societies?,"Stigmatization of menstruation reinforced gender roles and limited women's participation in certain activities or social spheres, perpetuating notions of female inferiority.",Menstrual Problems,"menstruation, Stigma, Impact, gender"
How did the witchcraft trials of the early modern period impact perceptions of menstruation?,"Menstruation was sometimes cited as evidence of witchcraft during witch trials, reinforcing negative stereotypes and fears surrounding menstruating women.",Menstruation,"menstruation, period, Impact, women"
ow did Renaissance-era anatomists contribute to the scientific understanding of menstruation?,"Renaissance-era anatomists made significant advancements in the study of female anatomy, challenging misconceptions and laying the groundwork for more accurate understandings of menstruation.",Menstruation,"menstruation, misconceptions, Understanding"
How did the women's suffrage movement address menstruation-related challenges?,"The women's suffrage movement highlighted the need for menstrual hygiene facilities in public spaces such as polling stations and workplaces, advocating for women's rights to manage menstruation with dignity.",Menstruation,"menstrual hygiene, menstruation, challenges, Facilities"
How have menstrual health and hygiene been framed within the context of reproductive rights movements?,eproductive rights movements have recognized access to menstrual products and menstrual health care as essential components of reproductive autonomy and bodily autonomy.,Menstrual Health,"menstrual health, hygiene, rights, access to menstrual products"
How has the intersection of race and gender influenced women's rights movements' approaches to menstrual health?,"Women's rights movements have increasingly recognized the importance of addressing racial disparities in access to menstrual products and healthcare, advocating for intersectional approaches to menstrual equity.",Menstrual Health,"menstrual health, Healthcare, Importance, access to menstrual products"
What role have grassroots organizations played in advancing menstrual equity within women's rights movements?,"Grassroots organizations have led efforts to distribute free menstrual products, advocate for policy changes, and promote menstrual education and destigmatization within communities.",Menstruation,"changes, Stigma, menstrual education, Menstrual products"
How have international women's rights movements addressed menstrual health as a global issue?,"nternational women's rights movements have advocated for menstrual equity as a human rights issue, calling for access to menstrual products, menstrual education, and healthcare services for women and girls worldwide.",Menstruation,"menstrual health, Healthcare, access to menstrual products, menstrual education"
How did early civilizations educate individuals about menstruation?,"Early education about menstruation was often passed down through oral traditions, religious teachings, and cultural rituals within families and communities.",Menstrual Health,"menstruation, Education"
How did the spread of literacy impact menstrual education in history?,"The spread of literacy enabled written texts, medical treatises, and educational materials about menstruation to be disseminated more widely, contributing to increased awareness and understanding.",Menstrual Problems,"menstruation, awareness, menstrual education, Understanding"
How did the scientific revolution influence menstrual education?,"The scientific revolution led to advancements in medical knowledge and anatomical understanding, providing more accurate explanations for menstruation and menstrual health.",Menstrual Health,"menstrual health, menstruation, menstrual education, Understanding"
What role did early women's magazines and publications play in menstrual education?,"Women's magazines and publications began to address menstrual health topics, providing advice, tips, and articles to inform and empower women about their bodies and reproductive health.",Medical Help,"menstrual health, Reproductive health, menstrual education, women"
How is technology being integrated into menstrual health management?,"echnology integration includes apps for tracking menstrual cycles, wearable devices for monitoring hormonal changes, and telemedicine platforms for virtual consultations.",Menstrual Health,"hormonal changes, menstrual health, menstrual cycles, Wearable devices"
What are some challenges associated with technology integration in menstrual health?,"Challenges may include data privacy concerns, accuracy of tracking algorithms, and accessibility issues for individuals without access to smartphones or internet connectivity.",Menstrual Health,"menstrual health, Technology integration, Accessibility, Data privacy"
How can technology address cultural barriers in menstrual health management?,"Technology can provide culturally sensitive educational resources, language translation features, and customizable settings to accommodate diverse cultural practices and beliefs.",Menstrual Health,"menstrual health, Educational resources, cultural practices, Cultural barriers"
What role do artificial intelligence (AI) and machine learning play in menstrual health technology?,"AI and machine learning algorithms analyze menstrual data to provide personalized insights, predict menstrual cycles, and detect irregularities for early intervention.",Menstrual Health,"menstrual health, menstrual cycles, Artificial Intelligence, Personalized Insights"
How do menstrual health apps ensure data privacy and security?,"Menstrual health apps employ encryption measures, anonymized data collection, and user consent protocols to protect users' privacy and security.",Menstrual Health,"menstrual health, Data privacy, User consent, Encryption"
How can technology integration improve menstrual health research and data collection?,"Technology enables large-scale data collection, longitudinal studies, and real-time monitoring, facilitating research on menstrual health patterns, trends, and disparities.",Menstrual Health,"Technology integration, improve menstrual health"
What are some innovative wearable devices designed for menstrual health monitoring?,"Wearable devices include smart menstrual cups, period-tracking rings, and hormonal monitoring patches, offering continuous data collection and insights into menstrual health.",Menstrual Health,"menstrual health, Hormonal monitoring patches, Period-tracking rings, Smart menstrual cups"
How does telemedicine benefit individuals with limited access to menstrual healthcare services?,"Telemedicine provides remote consultations with healthcare providers, access to menstrual health information, and prescription services, overcoming geographical barriers and increasing convenience.",Medical Help,"Geographical barriers, Healthcare providers, Menstrual healthcare, Remote consultations"
How can technology integration in menstrual health promote empowerment and self-care?,"Technology provides individuals with tools for self-tracking, personalized health insights, and access to educational resources, empowering them to take control of their menstrual health and well-being.",Menstrual Health,"menstrual health, Technology integration, Educational resources, Empowerment"
What factors contribute to menstrual inequity in developing nations?,"Factors include poverty, lack of access to menstrual products, inadequate sanitation facilities, cultural taboos, and limited menstrual health education.",Menstrual Health,"menstrual health, sanitation facilities, access to menstrual products, Education"
How does menstrual inequity impact girls' education in developing nations?,"Menstrual inequity leads to school absenteeism, dropout rates, and decreased educational attainment among girls due to challenges in managing menstruation in school settings.",Menstrual Problems,"menstruation, challenges, Education, Impact"
What are some innovative solutions for addressing menstrual inequity in resource-constrained settings?,"Solutions include menstrual cup distribution programs, reusable cloth pad initiatives, community-led education campaigns, and collaboration with local healthcare providers.",Menstrual Problems,"Healthcare providers, Distribution, Solutions, community"
How long does a typical menstrual cycle last?,"A typical menstrual cycle lasts around 28 days, but it can range from 21 to 35 days.",Menstrual Cycle,"menstrual cycle, 28 days, How Long"
What is the average duration of menstrual bleeding?,"On average, menstrual bleeding lasts for about 3 to 5 days.",Menstrual Flow,"Menstrual bleeding, Average duration, days"
At what age do most girls usually start menstruating?,"Most girls start menstruating between the ages of 10 and 15, with the average age being around 12.",Menarche,"Average age, Menstruation, Puberty, Age"
How long does ovulation usually last during the menstrual cycle?,Ovulation typically lasts for about 24 to 48 hours during the menstrual cycle.,Menstrual Cycle,"menstrual cycle, Ovulation, How Long"
How many days before menstruation can premenstrual syndrome (PMS) symptoms start?,PMS symptoms can start to manifest anywhere from 1 to 2 weeks before menstruation begins.,PMS,"Premenstrual Syndrome, menstruation, PMS symptoms, Symptoms"
How many days after ovulation does menstruation usually occur if pregnancy doesn’t happen?,"If pregnancy doesn’t occur, menstruation usually starts about 14 days after ovulation.",Menstrual Cycle,"menstruation, pregnancy, Ovulation, 14 days"
What is the average duration of a menstrual period cycle for most women?,The average duration of a menstrual period cycle for most women is around 5 to 7 day,Menstrual Cycle,"menstrual period, cycle, Average duration, women"
How many days does the luteal phase of the menstrual cycle typically last?,The luteal phase usually lasts for about 10 to 16 days.,Menstrual Cycle,"menstrual cycle, Luteal phase, days"
How many days before menstruation can ovulation occur in a typical cycle?,Ovulation typically occurs around 10 to 14 days before menstruation begins in a typical cycle.,Menstrual Cycle,"menstruation, Ovulation, 14 days, Typical cycle"
What is the average duration of a menstrual period for someone using hormonal birth control?,"The average duration of a menstrual period for someone using hormonal birth control is often shorter, around 2 to 7 days.",Menstrual Cycle,"menstrual period, hormonal birth control, Average duration, days"
How do chronic illnesses such as endometriosis and polycystic ovary syndrome (PCOS) impact menstruation?,"Chronic illnesses can cause irregular menstrual cycles, severe pain, and heavy bleeding, affecting individuals' physical and emotional well-being.",PCOS,"Chronic illnesses, Polycystic Ovary Syndrome (PCOS), Irregular menstrual cycles, Emotional well-being"
What are some management strategies for addressing menstrual symptoms in individuals with chronic illnesses?,"Management strategies include medication management, hormone therapy, lifestyle modifications, and supportive care tailored to individuals' specific needs and conditions.",Medical Help,"Menstrual symptoms, Chronic illnesses, Lifestyle modifications, Medication management"
What role do healthcare providers play in supporting individuals with chronic illnesses in managing menstrual symptoms?,"Healthcare providers offer personalized treatment plans, symptom management strategies, and referrals to specialists to address menstrual symptoms within the context of chronic illnesses.",Medical Help,"Menstrual symptoms, Personalized treatment plans, Referrals to specialists, Healthcare providers"
How do menstrual hygiene challenges impact the health and well-being of displaced populations?,"Inadequate menstrual hygiene management can lead to increased risks of infections, reproductive health complications, and psychological distress among displaced individuals.",Menstrual Problems,"menstrual hygiene, complications, management, Reproductive health"
What are some areas for future research on menstruation and chronic illness?,"Future research could explore the impact of menstrual symptoms on disease management, develop tailored interventions for individuals with chronic illnesses, and address gaps in healthcare access and support.",Medical Help,"Menstrual symptoms, Chronic illnesses, Healthcare access, Chronic illness"
How many days after childbirth can menstruation resume for breastfeeding mothers?,Menstruation can resume anywhere from 6 weeks to 6 months after childbirth for breastfeeding mothers.,Menstrual Health,"breastfeeding, menstruation, days"
What is the average length of time between menstrual periods in a woman’s reproductive years?,The average length of time between menstrual periods in a woman’s reproductive years is typically 21 to 35 days.,Pregnancy,"Average length, reproductive years, Menstrual periods, days"
How many days after menstruation typically does the follicular phase of the menstrual cycle begin?,The follicular phase usually begins on the first day of menstruation.,Menstrual Cycle,"follicular phase, menstrual cycle, menstruation, First day"
How long can menstrual bleeding last in some cases of menorrhagia (heavy menstrual bleeding)?,"Menstrual bleeding can last longer than usual, sometimes up to 7 to 10 days, in cases of menorrhagia.",Menstrual Flow,"Menstrual bleeding, menorrhagia, Heavy Menstrual Bleeding, How Long"
"How many days before menstruation can symptoms of ovulation occur, such as changes in cervical mucus?","Symptoms of ovulation, such as changes in cervical mucus, can occur around 2 to 3 days before menstruation.",Menstrual Cycle,"menstruation, Ovulation, Symptoms, cervical mucus"
What is the typical duration of menstrual cramps for most women?,Menstrual cramps typically last for 1 to 3 days during menstruation.,Menstrual Pain,"menstrual cramps, menstruation, duration, women"
How many days after menstruation is it common to experience a rise in basal body temperature indicating ovulation?,It's common to experience a rise in basal body temperature indicating ovulation around 1 to 2 days after menstruation ends.,Symptoms,"menstruation, Ovulation, Basal body temperature, common"
How many days before menstruation can breast tenderness occur as a symptom of PMS,Breast tenderness can occur as a symptom of PMS around 4 to 7 days before menstruation,PMS,"Breast tenderness, menstruation, days"
What is the usual duration of menstrual bleeding for adolescents who have just started menstruating?,"Menstrual bleeding for adolescents who have just started menstruating may last longer, typically around 5 to 7 days.",Menarche,"Menstrual bleeding, duration, Adolescents, days"
How many days after menstruation typically does the endometrium start to rebuild for the next cycle?,"The endometrium typically starts to rebuild around 4 to 7 days after menstruation ends, preparing for the next menstrual cycle.",Menstrual Cycle,"menstrual cycle, menstruation, Endometrium, cycle"
